회사명,title,경력
ネクスト・ムーブ　株式会社,Frontend Software Engineers Wanted!,"年収 1,200万円 ~ 1,500万円"
ネクスト・ムーブ　株式会社,Data/Business Intelligence Engineer opening!,年収 900万円
株式会社スクロール,2024 新卒採用 通販・ネット販売,月給 22万円
EY,Banking & Capital Markets Insights Analyst,.
野村證券株式会社,Quant IT Developer,正社員
中外製薬グループ,医薬品研究のデータサイエンティスト / Data Scientist in Pharmaceutical Research,.
ネクスト・ムーブ　株式会社,Senior Software Engineer (English Speaking job),"年収 800万円 ~ 1,100万円"
Michael Page,Bilingual Product Management -Big E-commerce company,年収 500万円
Amazon Web Services Japan GK,2024 AWSクラウドサポートエンジニア (Amazon WoW限定),"インターン, 新卒"
Tencent,"Vice General Manager, Studio Technology",.
中外製薬グループ,領域サイエンス職　データサイエンス担当 / Scientific job in disease area (Data Scientist),.
Canonical - Jobs,Software Engineer - Data Infrastructure - OpenSearch/ElasticSearch,.
ネクスト・ムーブ　株式会社,Project Manager - Innovative Health Tech / Big Data Company,"年収 1,000万円 ~ 1,200万円"
Canonical - Jobs,Software Engineer - Data Infrastructure,.
Splunk,Business Development Executive,.
日本タタ・コンサルタンシー・サービシズ株式会社,Azure data engineer (DTS-180),正社員
Goldman Sachs,"Internal Audit, Risk Business Audit, Associate, Tokyo",.
Splunk,Sales Engineer (Enterprise),.
RGF Professional Recruitment Japan,Indirect Procurement Buyer【BIGユニコーン企業】,"年収 800万円 ~ 1,200万円"
Takeda Pharmaceutical,"Head of Finance, Osaka Plant",.
株式会社ファーストリテイリング,ビッグデータ基盤プロジェクトマネジャー / Big Data Platform Project Manager,月給 39万円 ~ 83万円
ACS Japan,Business System Analysis ( Insurance Software),正社員
Kraft Heinz Company,Accounting & Controlling Manager,.
ByteDance,Senior Frontend Software Engineer,.
ネスレ日本株式会社,Webアナリティクス スペシャリスト,年収 500万円
Cisco Systems,Cybersecurity Sales Specialist - Commercial,.
野村證券株式会社,Analytics Delivery Manager/Data Consultant,正社員
ソニーセミコンダクタソリューションズグループ,データサイエンス(AI/Big Data),月給 26万円
PVH,"Manager, Digital Marketing, Calvin Klein",.
"Treasure Data, Inc.",Staff Software Engineer - Applications Backend,.
ボイド&ムーア　エグゼクティブ　サーチ,Data Analyst/ System Architect,年収 600万円
アバナード株式会社,データサイエンティスト・アナリスト,月給 34.3万円 ~ 57.1万円
ネクスト・ムーブ　株式会社,(HOT) Data Scientist. From Senior to Manager positions OPEN!,正社員
Lonza,Marketing Manager,.
Danone,Performance Manager,.
Nestle,MSe (Marketing Sales & eBusiness),"年収 950万円 ~ 1,300万円"
理化学研究所,研究員または特別研究員,.
日産自動車株式会社,ビジネスデータアーキテクト / Data Governance & Platform Architect,"年収 900万円 ~ 1,060万円"
国立大学法人 福井大学,Computer Science Division in the Faculty of Engineering,.
ACS Japan,[TaxTeam] Data Scientist/Data Engineering,正社員
株式会社マイクロアド,【24卒】データアナリスト職,月給 32万円
Renesas Electronics Corporation,Development of In-vehicle software development environment,.
bp,Technical Project Manager,.
Splunk,Sales Engineer (Strategic Account 1),.
Reality AI,Development of In-vehicle software development environment,.
Milestone株式会社,【CHANEL】　【香水・化粧品本部】Digital Communication Manager/Specialist,正社員
RGF Professional Recruitment Japan,Payroll Assistant Manager || 給与計計算アシスタントマネージャー,"年収 700万円 ~ 1,000万円"
ACS Japan,【Technology Consulting】 Digital Consultant,正社員
Splunk,Sales Engineer- Global Shared Service,.
ネクスト・ムーブ　株式会社,データ分析エンジニア/Data Analyst Engineer wanted!,年収 650万円
ByteDance,Senior Backend Software Engineer,.
Cisco Systems,Japan Marketing Manager - Webex,.
Lenovo,Customer Success Manager,.
野村證券株式会社,内部監査人(グローバル・マーケッツ担当) / Global Markets Auditor,正社員
ACS Japan,Blockchain Business Consultant,正社員
ソニーセミコンダクタマニュファクチャリング株式会社,[熊本]デバイスエンジニア,月給 20万円 ~ 40万円
ボイド&ムーア　エグゼクティブ　サーチ,Data engineer,年収 700万円 ~ 900万円
ネクスト・ムーブ　株式会社,Backend Engineerr! - No Japanese language required!,年収 700万円
ソニーセミコンダクタマニュファクチャリング株式会社,[大分]デバイスエンジニア,月給 20万円 ~ 40万円
Air Liquide,"Project Cost Controller_E&C_Sannomiya, Kobe",.
日本タタ・コンサルタンシー・サービシズ株式会社,Azure Solution Architect (DTS-178),.
RGF Professional Recruitment Japan,Payroll Assistant Manager || 給与計計算アシスタントマネージャー,"年収 700万円 ~ 1,000万円"
ヘイズ・スペシャリスト・リクルートメント・ジャパン株式会社,Big Data Engineer,正社員
三菱自動車工業,データサイエンティスト(データの可視化・ハンドリング),年収 430万円 ~ 750万円
Michael Page,Project Manager-big e-commerce company,年収 500万円
ACS Japan,Blockchain Business Consultant,正社員
マギー 株式会社,アカウントマネージャー,年収 350万円 ~ 700万円
Cisco Systems,Business Solutions Architect,.
マギー株式会社,アカウントマネージャー,年収 350万円 ~ 700万円
株式会社メルカリ,Marketing Manager Mercari/マーケティングマネージャー -メルカリ,.
アバナード株式会社,アーキテクト,月給 34.3万円 ~ 57.1万円
Air Liquide,"Project Cost Controller_E&C_Sannomiya, Kobe",.
ネスレ日本株式会社,データアナリスト・データサイエンティスト,月給 23万円
ランスタッド株式会社プロフェッショナル事業本部,Sr. Site Reliability Engineer - U.S. Search Engine Platform SRE,"年収 1,200万円 ~ 1,700万円"
株式会社ファーストリテイリング,アプリケーションエンジニア / Application Engineer,月給 39.0万円 ~ 114.6万円
日産自動車株式会社,データガバナンス&プラットフォームアーキテクト / Data Governance & Platform Architect,正社員
株式会社DC ASIA,セールスマーケティング,月給 30万円
ソニーセミコンダクタソリューションズグループ,設計,月給 26万円
株式会社ロバートハーフジャパン,Bilingual DevOps Engineer,年収 600万円 ~ 850万円
Cogs Agency,デジタルプロデューサー/Digital producer,.
Milestone株式会社,"【CHANEL】 Integrated Media Planner, Media &Communications De",正社員
RIKEN(The Institute of Physical and...,Postdoctoral Researcher,.
Lenovo,Service Operation Finance Senior Analyst,.
Navagis Inc.,プロジェクトコーディネーター / Project Coordinator,年収 600万円
Lenovo,SSG Premium Services Support - Technical Support Engineer - Japan,.
野村證券株式会社,内部監査人(アセットマネジメント担当)/ Business Auditor (Asset Management),正社員
ACS Japan,Cyber Security Engineer,"年収 800万円 ~ 1,000万円"
Reality AI,"Engineer, Build-up and control of EDA infrastructure",.
ネクスト・ムーブ　株式会社,New opening - SRE - Senior Site Reliability Engineer!,"年収 1,000万円 ~ 1,200万円"
ソニーセミコンダクタソリューションズグループ,人事,月給 26万円
ソニーセミコンダクタソリューションズグループ,製造技術,月給 26万円
Avanade,Data Engineering Consultant-Osaka,.
ソニーセミコンダクタソリューションズグループ,ファシリティ管理,月給 26万円
Renesas Electronics Corporation,"Engineer, Build-up and control of EDA infrastructure",.
ソニーセミコンダクタソリューションズグループ,経営企画,月給 26万円
ACS Japan,Cyber Security Consultant,正社員
Terra Motors 株式会社,モバイルアプリ開発エンジニア~台湾・香港国籍の方々活躍中!~*N3 Japanese needed,月給 50万円 ~ 75万円
ブリッジグループ株式会社,Sr User Experience Designer,"年収 1,000万円 ~ 1,300万円"
アビームシステムズ株式会社,ITコンサルタント(アプリ),月給 23万円 ~ 40万円
株式会社ミックウェア,"[No onsite / work in Kobe ] System engineer, programmer (server / application)",.
ソニーセミコンダクタソリューションズグループ,情報システム開発,月給 26万円
エクスチュア株式会社,アナリティクスエンジニア/経営/ビジネスコンサルティング・シンクタンク,"年収 400万円 ~ 1,200万円"
日産自動車株式会社,[P2201]エンジンおよび電動パワートレイン 性能開発エンジニア,正社員
Michael Page,FTC Global Accounting Manager - Cyber Security Company,派遣社員
ACS Japan,SAP Data Migration Lead,正社員
ATC株式会社,【第二新卒可】AI/機械学習エンジニア/ITコンサルティング,年収 350万円 ~ 450万円
エデルマン・ジャパン株式会社,Community Manager - Digital / Tokyo / グローバルPR企業,正社員
ネクスト・ムーブ　株式会社,(Hot) Product Manager プロダクトマネージャー,"年収 800万円 ~ 2,000万円"
Connor Consulting Corp.,Associate/Senior Associate –Royalty Audit|3年以上の経理・財務経験必須,正社員
エイムネクスト株式会社,.NETエンジニア/ITコンサルティング,年収 400万円 ~ 650万円
株式会社Regrit Partners,DXコンサルタント　求人詳細情報,正社員
エムスリーデジタルコミュニケーションズ株式会社,業務改善ディレクターアシスタント,年収 400万円 ~ 600万円
Avanade,Analytics Architect Manager-Osaka,.
ATC株式会社,【キャリアチェンジ】AI/機械学習エンジニア/ITコンサルティング,年収 350万円 ~ 500万円
ソニーセミコンダクタソリューションズグループ,設備技術,月給 26万円
カタリナ　マーケティング　ジャパン 株式会社,広告・メディア法人営業(既存・ルートセールス中心),月給 58.5万円 ~ 83.5万円
PwCコンサルティング合同会社,Data & Analyticsエンジニア【TDC-DF】　求人詳細情報,"年収 550万円 ~ 2,000万円"
ACS Japan,【NEW! 】TaxTeam-Engineer (Client Technology Hub),正社員
JLL,Technical Services Manager,.
Connor Consulting Corp.,Sr.Associate Software License Compliance/ソフトウェアライセンスコンプライアンス,正社員
日本語オンラインスクール合同会社(IT JOBs in Japan),UI UX Designer,"年収 600万円 ~ 1,400万円"
株式会社DC ASIA,データセンターソリューション営業,月給 30万円
ソニーセミコンダクタソリューションズグループ,生産管理,月給 26万円
三菱電機株式会社,【東京/WEB面接可】鉄道システムのシステムエンジニア【交通事業部】,月給 25万円
エイムネクスト株式会社,Javaエンジニア ~ Javaアーキテクト/ITコンサルティング,年収 400万円 ~ 650万円
アイディアルフォルクス合同会社,Business Intelligence and Analytics Role,"年収 400万円 ~ 1,000万円"
ネクスト・ムーブ　株式会社,Data Architect - World leading Insurance company,年収 700万円 ~ 900万円
ソニーセミコンダクタソリューションズグループ,生産技術開発,月給 26万円
ソニーセミコンダクタソリューションズグループ,デバイス開発,月給 26万円
ACS Japan,Data Analytics Project Manager,正社員
株式会社ロバートハーフジャパン,POS Specialist,"年収 800万円 ~ 1,400万円"
DATUM STUDIO株式会社,データサイエンティスト・エンジニアリング,月給 41.6万円
ATC株式会社,【即戦力採用】AI/機械学習エンジニア/ITコンサルティング,年収 450万円 ~ 600万円
Lenovo,"Technical Manager, Storage",.
ソニーセミコンダクタソリューションズグループ,テスト技術開発,月給 26万円
Cogs Agency,アカウントエグゼクティブ / Account Executive,.
レックスアドバイザーズ,【内部監査】 事業会社:内部監査/,年収 400万円 ~ 500万円
ソニーセミコンダクタマニュファクチャリング株式会社,[長崎]デバイスエンジニア,月給 20万円 ~ 40万円
PwCコンサルティング合同会社,Data & Analyticsコンサルタント【TDC-D&A】　求人詳細情報,正社員
ACS Japan,Cloud Engineering (Cloud Division),正社員
ソニーセミコンダクタマニュファクチャリング株式会社,[山形]デバイスエンジニア,月給 20万円 ~ 40万円
クライス&カンパニー,Data & Analyticsコンサルタント　/　外資系コンサルティングファーム,"年収 500万円 ~ 1,500万円"
株式会社SUPER STUDIO,フィールドセールス/インターネット/Webサービス・ASP,年収 500万円 ~ 740万円
ソニーセミコンダクタソリューションズグループ,解析技術,月給 26万円
ATC株式会社,AI/機械学習エンジニア/ITコンサルティング,年収 350万円 ~ 600万円
PwCコンサルティング合同会社,業務改革コンサルタント(BPR),正社員
Global Career Agent Inc.,Data Engineer【Big Data・Fintech・IoT・AI】,.
Achieve Career[アチーヴキャリア],半導体装置メーカーでのソフトエンジニア,月給 23万円 ~ 40万円
Hire Pundit Japan 株式会社,データエンジニア,年収 800万円 以上
ソニーセミコンダクタソリューションズグループ,製品技術,月給 26万円
